-- phpMyAdmin SQL Dump
-- version 5.2.0
-- https://www.phpmyadmin.net/
--
-- Servidor: 127.0.0.1
-- Tiempo de generación: 06-06-2025 a las 23:49:49
-- Versión del servidor: 10.4.27-MariaDB
-- Versión de PHP: 7.4.33

SET SQL_MODE = "NO_AUTO_VALUE_ON_ZERO";
START TRANSACTION;
SET time_zone = "+00:00";


/*!40101 SET @OLD_CHARACTER_SET_CLIENT=@@CHARACTER_SET_CLIENT */;
/*!40101 SET @OLD_CHARACTER_SET_RESULTS=@@CHARACTER_SET_RESULTS */;
/*!40101 SET @OLD_COLLATION_CONNECTION=@@COLLATION_CONNECTION */;
/*!40101 SET NAMES utf8mb4 */;

--
-- Base de datos: `sistemagestiontiendaabarrotes`
--

-- --------------------------------------------------------

--
-- Estructura de tabla para la tabla `categorias`
--

CREATE TABLE `categorias` (
  `id` int(11) NOT NULL,
  `nombre` varchar(100) NOT NULL,
  `descripcion` tinytext DEFAULT NULL
) ENGINE=InnoDB DEFAULT CHARSET=utf8mb4 COLLATE=utf8mb4_general_ci;

--
-- Volcado de datos para la tabla `categorias`
--

INSERT INTO `categorias` (`id`, `nombre`, `descripcion`) VALUES
(1, 'Lácteos', 'Productos derivados de la leche.'),
(2, 'Cereales', 'Granos y productos de panadería.'),
(3, 'Bebidas', 'Todo tipo de líquidos para consumo.');

-- --------------------------------------------------------

--
-- Estructura de tabla para la tabla `clientes`
--

CREATE TABLE `clientes` (
  `id` int(11) NOT NULL,
  `nombre` varchar(100) NOT NULL,
  `apellido` varchar(100) DEFAULT NULL,
  `email` varchar(255) DEFAULT NULL,
  `telefono` varchar(20) DEFAULT NULL,
  `direccion` varchar(255) DEFAULT NULL,
  `fecha_registro` timestamp NOT NULL DEFAULT current_timestamp()
) ENGINE=InnoDB DEFAULT CHARSET=utf8mb4 COLLATE=utf8mb4_general_ci;

--
-- Volcado de datos para la tabla `clientes`
--

INSERT INTO `clientes` (`id`, `nombre`, `apellido`, `email`, `telefono`, `direccion`, `fecha_registro`) VALUES
(3, 'Juan Pérez', NULL, 'juan.perez@example.com', '555-1234', 'Calle 10 # 25-30, Ciudad', '2025-06-06 19:33:52'),
(4, 'Maria López', NULL, 'maria.lopez@example.com', '555-5678', 'Avenida Siempre Viva 742, Pueblo', '2025-06-06 19:33:52'),
(5, 'Pedro Gómez', NULL, 'pedro.gomez@example.com', '555-9012', 'Carrera 5 # 12-45, Villa Hermosa', '2025-06-06 19:33:52'),
(6, 'Ana Rodríguez', NULL, 'ana.rodriguez@example.com', '555-3456', 'Diagonal 80 # 3-15, Centro', '2025-06-06 19:33:52');

-- --------------------------------------------------------

--
-- Estructura de tabla para la tabla `detalle_venta`
--

CREATE TABLE `detalle_venta` (
  `id` int(11) NOT NULL,
  `venta_id` int(11) NOT NULL,
  `producto_id` int(11) NOT NULL,
  `cantidad_vendida` int(11) NOT NULL CHECK (`cantidad_vendida` > 0),
  `precio_unitario_venta` decimal(10,2) NOT NULL
) ENGINE=InnoDB DEFAULT CHARSET=utf8mb4 COLLATE=utf8mb4_general_ci;

--
-- Volcado de datos para la tabla `detalle_venta`
--

INSERT INTO `detalle_venta` (`id`, `venta_id`, `producto_id`, `cantidad_vendida`, `precio_unitario_venta`) VALUES
(1, 7, 3, 40, '3500.00'),
(2, 14, 1, 4, '3000.00');

-- --------------------------------------------------------

--
-- Estructura de tabla para la tabla `productos`
--

CREATE TABLE `productos` (
  `id` int(11) NOT NULL,
  `nombre` varchar(255) NOT NULL,
  `sku` varchar(50) NOT NULL,
  `precio_unitario` decimal(10,2) NOT NULL CHECK (`precio_unitario` >= 0),
  `cantidad_en_stock` int(11) NOT NULL CHECK (`cantidad_en_stock` >= 0),
  `categoria_id` int(11) NOT NULL
) ENGINE=InnoDB DEFAULT CHARSET=utf8mb4 COLLATE=utf8mb4_general_ci;

--
-- Volcado de datos para la tabla `productos`
--

INSERT INTO `productos` (`id`, `nombre`, `sku`, `precio_unitario`, `cantidad_en_stock`, `categoria_id`) VALUES
(1, 'Leche Entera 1L', 'LEC-ENT-001', '3500.00', 100, 1),
(2, 'Cereal de Avena 500g', 'CER-AVE-002', '8500.50', 75, 2),
(3, 'Jugo de Naranja 1L', 'JUG-NAR-003', '4200.00', 120, 3);

-- --------------------------------------------------------

--
-- Estructura de tabla para la tabla `ventas`
--

CREATE TABLE `ventas` (
  `id` int(11) NOT NULL,
  `cliente_id` int(11) NOT NULL,
  `fecha_venta` timestamp NOT NULL DEFAULT current_timestamp(),
  `total_global_venta` decimal(10,2) NOT NULL DEFAULT 0.00
) ENGINE=InnoDB DEFAULT CHARSET=utf8mb4 COLLATE=utf8mb4_general_ci;

--
-- Volcado de datos para la tabla `ventas`
--

INSERT INTO `ventas` (`id`, `cliente_id`, `fecha_venta`, `total_global_venta`) VALUES
(7, 3, '2025-06-06 19:37:11', '500.00'),
(14, 3, '2025-06-06 19:38:47', '60.00'),
(15, 4, '2025-06-06 18:38:04', '60.00');

--
-- Índices para tablas volcadas
--

--
-- Indices de la tabla `categorias`
--
ALTER TABLE `categorias`
  ADD PRIMARY KEY (`id`),
  ADD UNIQUE KEY `nombre` (`nombre`);

--
-- Indices de la tabla `clientes`
--
ALTER TABLE `clientes`
  ADD PRIMARY KEY (`id`),
  ADD UNIQUE KEY `email` (`email`);

--
-- Indices de la tabla `detalle_venta`
--
ALTER TABLE `detalle_venta`
  ADD PRIMARY KEY (`id`),
  ADD KEY `venta_id` (`venta_id`),
  ADD KEY `producto_id` (`producto_id`);

--
-- Indices de la tabla `productos`
--
ALTER TABLE `productos`
  ADD PRIMARY KEY (`id`),
  ADD UNIQUE KEY `sku` (`sku`),
  ADD KEY `categoria_id` (`categoria_id`);

--
-- Indices de la tabla `ventas`
--
ALTER TABLE `ventas`
  ADD PRIMARY KEY (`id`),
  ADD KEY `cliente_id` (`cliente_id`);

--
-- AUTO_INCREMENT de las tablas volcadas
--

--
-- AUTO_INCREMENT de la tabla `categorias`
--
ALTER TABLE `categorias`
  MODIFY `id` int(11) NOT NULL AUTO_INCREMENT, AUTO_INCREMENT=4;

--
-- AUTO_INCREMENT de la tabla `clientes`
--
ALTER TABLE `clientes`
  MODIFY `id` int(11) NOT NULL AUTO_INCREMENT, AUTO_INCREMENT=7;

--
-- AUTO_INCREMENT de la tabla `detalle_venta`
--
ALTER TABLE `detalle_venta`
  MODIFY `id` int(11) NOT NULL AUTO_INCREMENT, AUTO_INCREMENT=3;

--
-- AUTO_INCREMENT de la tabla `productos`
--
ALTER TABLE `productos`
  MODIFY `id` int(11) NOT NULL AUTO_INCREMENT, AUTO_INCREMENT=5;

--
-- AUTO_INCREMENT de la tabla `ventas`
--
ALTER TABLE `ventas`
  MODIFY `id` int(11) NOT NULL AUTO_INCREMENT, AUTO_INCREMENT=16;

--
-- Restricciones para tablas volcadas
--

--
-- Filtros para la tabla `detalle_venta`
--
ALTER TABLE `detalle_venta`
  ADD CONSTRAINT `detalle_venta_ibfk_1` FOREIGN KEY (`venta_id`) REFERENCES `ventas` (`id`),
  ADD CONSTRAINT `detalle_venta_ibfk_2` FOREIGN KEY (`producto_id`) REFERENCES `productos` (`id`);

--
-- Filtros para la tabla `productos`
--
ALTER TABLE `productos`
  ADD CONSTRAINT `productos_ibfk_1` FOREIGN KEY (`categoria_id`) REFERENCES `categorias` (`id`);

--
-- Filtros para la tabla `ventas`
--
ALTER TABLE `ventas`
  ADD CONSTRAINT `ventas_ibfk_1` FOREIGN KEY (`cliente_id`) REFERENCES `clientes` (`id`);
COMMIT;

/*!40101 SET CHARACTER_SET_CLIENT=@OLD_CHARACTER_SET_CLIENT */;
/*!40101 SET CHARACTER_SET_RESULTS=@OLD_CHARACTER_SET_RESULTS */;
/*!40101 SET COLLATION_CONNECTION=@OLD_COLLATION_CONNECTION */;
